SOURCE_SUBREDDIT	TARGET_SUBREDDIT	POST_ID	TIMESTAMP	LINK_SENTIMENT	PROPERTIES
leagueoflegends	teamredditteams	1u4nrps	2013-12-31 16:39:58	1	345.0,298.0,0.75652173913,0.0173913043478,0.0869565217391,0.150724637681,0.0753623188406,57.0,53.0,10.0,4.78947368421,15.0,0.315789473684,1.0,1.0,345.0,57.0,35.5778947368,0.073,0.08,0.1748,0.3448275862068966,0.05172413793103448,0.034482758620689655,0.0,0.034482758620689655,0.0,0.0,0.0,0.017241379310344827,0.05172413793103448,0.10344827586206896,0.05172413793103448,0.0,0.10344827586206896,0.0,0.034482758620689655,0.034482758620689655,0.06896551724137931,0.017241379310344827,0.034482758620689655,0.0,0.0,0.10344827586206896,0.0,0.0,0.0,0.05172413793103448,0.017241379310344827,0.034482758620689655,0.0,0.0,0.017241379310344827,0.1896551724137931,0.034482758620689655,0.0,0.034482758620689655,0.034482758620689655,0.0,0.0,0.06896551724137931,0.05172413793103448,0.034482758620689655,0.034482758620689655,0.0,0.0,0.017241379310344827,0.017241379310344827,0.0,0.0,0.0,0.06896551724137931,0.017241379310344827,0.05172413793103448,0.0,0.05172413793103448,0.06896551724137931,0.034482758620689655,0.0,0.0,0.0,0.0,0.0,0.0,0.0,0.0
denverbroncos	seahawks	1u6gp2s	2014-01-01 13:31:17	1	839.0,688.0,0.747318235995,0.015494636472,0.0476758045292,0.183551847437,0.0536352800954,162.0,114.0,21.0,3.98765432099,25.0,0.376543209877,7.0,5.0,118.428571429,23.1428571429,14.5345767196,0.194,0.071,0.9776,0.4785276073619632,0.1411042944785276,0.09815950920245399,0.03067484662576687,0.024539877300613498,0.03680981595092025,0.0,0.006134969325153374,0.04294478527607362,0.0736196319018405,0.07975460122699386,0.018404907975460124,0.006134969325153374,0.06748466257668712,0.0,0.04294478527607362,0.12269938650306748,0.06748466257668712,0.0,0.024539877300613498,0.006134969325153374,0.0,0.1411042944785276,0.0,0.0,0.03067484662576687,0.06134969325153374,0.04294478527607362,0.018404907975460124,0.0,0.012269938650306749,0.006134969325153374,0.1656441717791411,0.012269938650306749,0.03067484662576687,0.024539877300613498,0.04294478527607362,0.012269938650306749,0.006134969325153374,0.06134969325153374,0.024539877300613498,0.024539877300613498,0.006134969325153374,0.018404907975460124,0.0,0.024539877300613498,0.006134969325153374,0.006134969325153374,0.012269938650306749,0.0,0.10429447852760736,0.03067484662576687,0.05521472392638037,0.012269938650306749,0.024539877300613498,0.024539877300613498,0.03067484662576687,0.0,0.006134969325153374,0.006134969325153374,0.0,0.006134969325153374,0.0,0.0,0.0
seahawks	mariners	1vfv11s	2014-01-17 02:44:03	1	556.0,470.0,0.760791366906,0.0107913669065,0.0323741007194,0.163669064748,0.0647482014388,98.0,71.0,19.0,4.45918367347,25.0,0.408163265306,6.0,5.0,91.3333333333,16.3333333333,13.458707483,0.117,0.0,0.8807,0.5252525252525253,0.1111111111111111,0.08080808080808081,0.06060606060606061,0.010101010101010102,0.010101010101010102,0.0,0.0,0.030303030303030304,0.050505050505050504,0.12121212121212122,0.04040404040404041,0.08080808080808081,0.04040404040404041,0.0,0.050505050505050504,0.1919191919191919,0.06060606060606061,0.010101010101010102,0.020202020202020204,0.010101010101010102,0.0,0.0707070707070707,0.0,0.0,0.0,0.030303030303030304,0.030303030303030304,0.0,0.0,0.0,0.0,0.12121212121212122,0.020202020202020204,0.010101010101010102,0.0,0.010101010101010102,0.020202020202020204,0.0,0.030303030303030304,0.030303030303030304,0.010101010101010102,0.010101010101010102,0.0,0.0,0.010101010101010102,0.010101010101010102,0.0,0.0,0.0,0.26262626262626265,0.010101010101010102,0.09090909090909091,0.16161616161616163,0.030303030303030304,0.010101010101010102,0.0707070707070707,0.0,0.010101010101010102,0.0,0.0,0.0,0.0,0.0,0.0
mariners	baseball	1yeo8os	2014-02-19 19:34:57	1	561.0,480.0,0.780748663102,0.00534759358289,0.0285204991087,0.153297682709,0.0606060606061,94.0,78.0,17.0,4.81914893617,28.0,0.414893617021,6.0,5.0,92.3333333333,15.6666666667,14.5130141844,0.089,0.0,0.75,0.5157894736842106,0.09473684210526316,0.031578947368421054,0.021052631578947368,0.0,0.0,0.0,0.010526315789473684,0.06315789473684211,0.09473684210526316,0.10526315789473684,0.07368421052631578,0.021052631578947368,0.07368421052631578,0.0,0.031578947368421054,0.11578947368421053,0.042105263157894736,0.0,0.031578947368421054,0.05263157894736842,0.0,0.06315789473684211,0.0,0.0,0.0,0.010526315789473684,0.010526315789473684,0.0,0.0,0.0,0.0,0.12631578947368421,0.021052631578947368,0.0,0.010526315789473684,0.05263157894736842,0.010526315789473684,0.0,0.031578947368421054,0.021052631578947368,0.010526315789473684,0.010526315789473684,0.0,0.0,0.010526315789473684,0.010526315789473684,0.0,0.0,0.0,0.14736842105263157,0.0,0.11578947368421053,0.021052631578947368,0.042105263157894736,0.042105263157894736,0.031578947368421054,0.010526315789473684,0.0,0.0,0.0,0.0,0.0,0.0,0.0
mariners	letsgofish	23dwu2s	2014-04-18 14:34:06	1	528.0,450.0,0.755681818182,0.0246212121212,0.0378787878788,0.149621212121,0.0700757575758,90.0,66.0,15.0,4.71111111111,17.0,0.388888888889,5.0,3.0,105.0,18.0,15.202,0.282,0.0,0.9747,0.45054945054945056,0.06593406593406594,0.04395604395604396,0.0,0.02197802197802198,0.02197802197802198,0.0,0.0,0.02197802197802198,0.0989010989010989,0.10989010989010989,0.054945054945054944,0.01098901098901099,0.08791208791208792,0.01098901098901099,0.03296703296703297,0.10989010989010989,0.04395604395604396,0.0,0.054945054945054944,0.0,0.0,0.06593406593406594,0.0,0.0,0.0,0.07692307692307693,0.07692307692307693,0.0,0.0,0.0,0.0,0.16483516483516483,0.01098901098901099,0.0,0.03296703296703297,0.02197802197802198,0.03296703296703297,0.0,0.06593406593406594,0.01098901098901099,0.03296703296703297,0.01098901098901099,0.0,0.01098901098901099,0.01098901098901099,0.01098901098901099,0.0,0.0,0.0,0.07692307692307693,0.01098901098901099,0.02197802197802198,0.06593406593406594,0.01098901098901099,0.0,0.02197802197802198,0.0,0.0,0.0,0.0,0.0,0.0,0.0,0.02197802197802198
letsgofish	cardinals	1z759ls	2014-02-28 17:45:32	1	1164.0,977.0,0.773195876289,0.00515463917526,0.0386597938144,0.167525773196,0.0541237113402,205.0,132.0,39.0,4.46829268293,37.0,0.380487804878,12.0,9.0,95.6666666667,17.0833333333,13.8552764228,0.131,0.0,0.9732,0.5048543689320388,0.11650485436893204,0.06796116504854369,0.038834951456310676,0.009708737864077669,0.009708737864077669,0.0,0.009708737864077669,0.04854368932038835,0.07766990291262135,0.13592233009708737,0.06796116504854369,0.024271844660194174,0.07281553398058252,0.019417475728155338,0.024271844660194174,0.15048543689320387,0.043689320388349516,0.0,0.03398058252427184,0.009708737864077669,0.0,0.11650485436893204,0.0,0.0048543689320388345,0.014563106796116505,0.04854368932038835,0.04854368932038835,0.0,0.0,0.0,0.0,0.11165048543689321,0.02912621359223301,0.014563106796116505,0.014563106796116505,0.024271844660194174,0.009708737864077669,0.0,0.03398058252427184,0.009708737864077669,0.009708737864077669,0.0048543689320388345,0.0,0.0048543689320388345,0.0048543689320388345,0.0048543689320388345,0.0,0.0,0.0,0.13592233009708737,0.009708737864077669,0.06796116504854369,0.06796116504854369,0.014563106796116505,0.019417475728155338,0.03398058252427184,0.0048543689320388345,0.0,0.0,0.0,0.009708737864077669,0.0,0.0,0.014563106796116505
letsgofish	nationals	22k1xfs	2014-04-08 15:24:18	1	148.0,143.0,0.756756756757,0.0337837837838,0.0472972972973,0.0472972972973,0.162162162162,17.0,17.0,4.0,7.29411764706,2.0,0.117647058824,1.0,1.0,148.0,17.0,28.0747058824,0.523,0.0,0.6696,0.1111111111111111,0.0,0.0,0.0,0.0,0.0,0.0,0.0,0.0,0.05555555555555555,0.0,0.0,0.0,0.0,0.0,0.0,0.05555555555555555,0.0,0.0,0.0,0.0,0.0,0.05555555555555555,0.0,0.0,0.0,0.1111111111111111,0.1111111111111111,0.0,0.0,0.0,0.0,0.1111111111111111,0.1111111111111111,0.0,0.0,0.0,0.0,0.0,0.0,0.0,0.0,0.0,0.0,0.0,0.05555555555555555,0.05555555555555555,0.0,0.0,0.0,0.05555555555555555,0.0,0.05555555555555555,0.0,0.05555555555555555,0.0,0.05555555555555555,0.0,0.0,0.0,0.0,0.0,0.0,0.0,0.0
cardinals	baseball	1ueyhds	2014-01-04 11:17:18	1	252.0,227.0,0.75,0.0119047619048,0.0515873015873,0.123015873016,0.115079365079,35.0,35.0,7.0,5.68571428571,11.0,0.314285714286,1.0,1.0,252.0,35.0,29.982,0.0,0.0,0.0,0.3333333333333333,0.1111111111111111,0.027777777777777776,0.027777777777777776,0.0,0.0,0.0,0.0,0.08333333333333333,0.027777777777777776,0.08333333333333333,0.05555555555555555,0.027777777777777776,0.05555555555555555,0.0,0.05555555555555555,0.05555555555555555,0.027777777777777776,0.0,0.027777777777777776,0.0,0.0,0.027777777777777776,0.0,0.0,0.0,0.0,0.0,0.0,0.0,0.0,0.0,0.1111111111111111,0.027777777777777776,0.0,0.0,0.0,0.0,0.0,0.027777777777777776,0.027777777777777776,0.0,0.0,0.0,0.0,0.027777777777777776,0.027777777777777776,0.0,0.0,0.0,0.027777777777777776,0.027777777777777776,0.0,0.0,0.027777777777777776,0.0,0.027777777777777776,0.0,0.0,0.0,0.0,0.0,0.0,0.0,0.0
cardinals	collegebasketball	20lpmos	2014-03-16 15:31:30	1	141.0,136.0,0.765957446809,0.0283687943262,0.0496453900709,0.0567375886525,0.148936170213,16.0,16.0,3.0,7.25,3.0,0.1875,2.0,0.0,70.5,8.0,24.076875,0.0,0.0,0.0,0.23529411764705882,0.0,0.0,0.0,0.0,0.0,0.0,0.0,0.0,0.058823529411764705,0.058823529411764705,0.058823529411764705,0.0,0.058823529411764705,0.0,0.058823529411764705,0.0,0.0,0.0,0.058823529411764705,0.0,0.0,0.058823529411764705,0.0,0.0,0.0,0.0,0.0,0.0,0.0,0.0,0.0,0.058823529411764705,0.0,0.0,0.0,0.0,0.058823529411764705,0.0,0.0,0.0,0.0,0.0,0.0,0.0,0.058823529411764705,0.058823529411764705,0.0,0.0,0.0,0.058823529411764705,0.0,0.058823529411764705,0.0,0.11764705882352941,0.0,0.0,0.0,0.0,0.0,0.0,0.0,0.0,0.0,0.0
cardinals	baseball	21jr83s	2014-03-27 17:38:51	1	1344.0,1119.0,0.777529761905,0.00520833333333,0.0133928571429,0.174107142857,0.0431547619048,242.0,144.0,39.0,4.36776859504,40.0,0.404958677686,8.0,6.0,166.75,30.25,19.8530165289,0.153,0.1,0.9345,0.5267489711934157,0.13991769547325103,0.053497942386831275,0.0205761316872428,0.0205761316872428,0.00411522633744856,0.0,0.00823045267489712,0.08641975308641975,0.0823045267489712,0.13168724279835392,0.07407407407407407,0.01646090534979424,0.07407407407407407,0.01646090534979424,0.037037037037037035,0.11522633744855967,0.05761316872427984,0.00411522633744856,0.03292181069958848,0.00411522633744856,0.0,0.08641975308641975,0.0,0.0,0.00411522633744856,0.037037037037037035,0.037037037037037035,0.0,0.0,0.0,0.0,0.205761316872428,0.02880658436213992,0.02880658436213992,0.053497942386831275,0.0411522633744856,0.0205761316872428,0.0,0.04526748971193416,0.0411522633744856,0.012345679012345678,0.00823045267489712,0.00411522633744856,0.0,0.00411522633744856,0.00411522633744856,0.0,0.0,0.0,0.1111111111111111,0.01646090534979424,0.04938271604938271,0.04938271604938271,0.01646090534979424,0.00823045267489712,0.012345679012345678,0.0,0.0205761316872428,0.0,0.0,0.0,0.0,0.0,0.00823045267489712
baseball	braves	1vox0cs	2014-01-20 10:50:31	1	215.0,197.0,0.786046511628,0.0139534883721,0.0325581395349,0.0883720930233,0.111627906977,28.0,27.0,6.0,6.35714285714,7.0,0.285714285714,2.0,1.0,107.0,14.0,21.7360714286,0.18,0.0,0.5093,0.3448275862068966,0.034482758620689655,0.0,0.0,0.0,0.0,0.0,0.0,0.034482758620689655,0.10344827586206896,0.034482758620689655,0.034482758620689655,0.0,0.034482758620689655,0.0,0.0,0.10344827586206896,0.0,0.0,0.06896551724137931,0.0,0.0,0.10344827586206896,0.0,0.0,0.0,0.06896551724137931,0.06896551724137931,0.0,0.0,0.0,0.0,0.06896551724137931,0.034482758620689655,0.0,0.0,0.0,0.0,0.0,0.034482758620689655,0.0,0.0,0.0,0.0,0.0,0.034482758620689655,0.034482758620689655,0.0,0.0,0.0,0.10344827586206896,0.0,0.034482758620689655,0.06896551724137931,0.034482758620689655,0.0,0.0,0.0,0.0,0.0,0.0,0.0,0.0,0.0,0.0
